object_id,utility_company,start_datetime,estimated_restoration_datetime,cause,impacted_customers,county,outage_status,outage_type,global_id,outage_type_color,incident_id,x,y,start_date,start_year,start_month,start_hour,estimated_restoration_hours,cause_clean,cause_category
42033342,PGE,2026-06-08 20:35:00,2026-06-10 22:00:00,POLE FIRE,25,SOLANO,Active,Not Planned,fbda3217-0b7f-478d-a9e4-859f5f9f947a,#ffaa00,274224,-13584767.19,4649529.494,2026-06-08,2026.0,6.0,20.0,49.416666666666664,POLE FIRE,External / Environmental
42033343,PGE,2026-06-08 20:35:00,2026-06-10 22:00:00,POLE FIRE,7,SOLANO,Active,Not Planned,354d1c45-5ff9-4f74-a0b2-ae07c049c9dd,#ffaa00,274235,-13584767.19,4649529.494,2026-06-08,2026.0,6.0,20.0,49.416666666666664,POLE FIRE,External / Environmental
42033344,PGE,2026-06-09 11:06:29,2026-06-09 12:00:00,PLNND SHUTDOWN,1,SAN MATEO,Active,Planned,20e51fac-20b8-4d5b-8700-bd868a68adf9,#a8a800,274764,-13625313.09,4524211.865,2026-06-09,2026.0,6.0,11.0,0.8919444444444444,PLNND SHUTDOWN,Planned Work
42033345,PGE,2026-06-09 15:31:00,2026-06-09 23:30:00,PLNND SHUTDOWN,6,EL DORADO,Active,Planned,155ac157-910a-4889-a8b8-7b805b66708d,#a8a800,275014,-13449246.84,4690829.895,2026-06-09,2026.0,6.0,15.0,7.983333333333333,PLNND SHUTDOWN,Planned Work
42033346,PGE,2026-06-09 16:13:49,2026-06-09 19:30:00,PLNND SHUTDOWN,32,SAN MATEO,Active,Planned,3fca4cff-7fec-4e7d-8680-b00fffcaebad,#a8a800,275057,-13631309.87,4538209.893,2026-06-09,2026.0,6.0,16.0,3.269722222222222,PLNND SHUTDOWN,Planned Work
42033347,PGE,2026-06-09 17:32:58,2026-06-09 23:30:00,,4,MADERA,Active,Not Planned,728035c0-0f84-45b9-bd9c-942de81231a1,#ffaa00,275191,-13315106.86,4490163.36,2026-06-09,2026.0,6.0,17.0,5.950555555555556,UNKNOWN / NOT PROVIDED,Unknown / Not Provided
42033348,PGE,2026-06-09 19:44:45,2026-06-10 20:00:00,DAMGE UG CABLE,16,ALAMEDA,Active,Not Planned,6081e8dc-ab5c-4cc1-bdfc-4b8c98c5c761,#ffaa00,275302,-13575159.21,4516771.23,2026-06-09,2026.0,6.0,19.0,24.254166666666666,DAMGE UG CABLE,Equipment / Underground
42033349,PGE,2026-06-09 19:55:02,2026-06-09 23:30:00,PLNND SHUTDOWN,1,EL DORADO,Active,Planned,4838a4b4-910e-4b6c-96e3-81f3b1b599dc,#a8a800,275310,-13453627.27,4669338.662,2026-06-09,2026.0,6.0,19.0,3.582777777777778,PLNND SHUTDOWN,Planned Work
42033350,PGE,2026-06-09 19:57:27,2026-06-09 23:00:00,PLNND SHUTDOWN,2,TUOLUMNE,Active,Planned,2fbce947-0e76-4497-bf28-f8955802f862,#a8a800,275321,-13385347.23,4584830.665,2026-06-09,2026.0,6.0,19.0,3.0425,PLNND SHUTDOWN,Planned Work
42033351,PGE,2026-06-09 20:42:56,2026-06-10 01:00:00,,1,MADERA,Active,Not Planned,30cff365-67af-48ae-bb7d-d3195c7968d3,#ffaa00,275374,-13341232.43,4461361.014,2026-06-09,2026.0,6.0,20.0,4.2844444444444445,UNKNOWN / NOT PROVIDED,Unknown / Not Provided
42033352,PGE,2026-06-10 02:32:43,2026-06-11 01:00:00,BRKN UG EQUIPMNT,97,ALAMEDA,Active,Not Planned,b8716014-597d-44d9-a9b7-2386ee1b2edc,#ffaa00,275783,-13575696.88,4517196.708,2026-06-10,2026.0,6.0,2.0,22.454722222222223,BRKN UG EQUIPMNT,Equipment / Underground
42033353,PGE,2026-06-10 08:43:01,2026-06-10 20:00:00,,15,SANTA CLARA,Active,Not Planned,878a7c78-5b3c-4cda-b87c-632334cd2e0a,#ffaa00,275813,-13558331.04,4485918.905,2026-06-10,2026.0,6.0,8.0,11.283055555555556,UNKNOWN / NOT PROVIDED,Unknown / Not Provided
42033354,PGE,2026-06-10 13:12:56,2026-06-10 21:00:00,,182,ALAMEDA,Active,Not Planned,38b6a204-3b97-4dcb-b869-37cc8cb01a8f,#ffaa00,275848,-13575542.15,4513133.608,2026-06-10,2026.0,6.0,13.0,7.7844444444444445,UNKNOWN / NOT PROVIDED,Unknown / Not Provided
42033355,PGE,2026-06-09 17:01:00,2026-06-10 15:45:00,,4,MADERA,Active,Not Planned,738a24a1-d737-44df-80c0-2ea38f17ffb3,#ffaa00,275850,-13315052.31,4490201.177,2026-06-09,2026.0,6.0,17.0,22.733333333333334,UNKNOWN / NOT PROVIDED,Unknown / Not Provided
42033356,PGE,2026-06-10 13:37:17,,Awaiting Investigation,1,ALAMEDA,Active,Not Planned,b65815f1-168f-4f5b-a9d4-e02aff603577,#ffaa00,275855,-13561506.98,4540510.713,2026-06-10,2026.0,6.0,13.0,,AWAITING INVESTIGATION,Under Investigation
42033357,PGE,2026-06-10 14:30:00,2026-06-10 23:30:00,PLNND SHUTDOWN,8,MENDOCINO,Active,Planned,31e10794-0f3e-426c-a560-cb8a13512cc3,#a8a800,275866,-13759663.47,4771981.178,2026-06-10,2026.0,6.0,14.0,9.0,PLNND SHUTDOWN,Planned Work
42033358,PGE,2026-06-10 15:00:00,2026-06-10 23:00:00,PLNND SHUTDOWN,1,CALAVERAS,Active,Planned,25b6cd5a-a95c-488f-b93f-88c328e053ef,#a8a800,275880,-13412318.83,4592795.424,2026-06-10,2026.0,6.0,15.0,8.0,PLNND SHUTDOWN,Planned Work
42033359,PGE,2026-06-10 14:52:17,2026-06-10 23:15:00,PLNND SHUTDOWN,22,SAN JOAQUIN,Active,Planned,db80ee63-d6b5-4d20-ab0b-c8ab6c8b5c02,#a8a800,275886,-13495610.3,4552839.656,2026-06-10,2026.0,6.0,14.0,8.37861111111111,PLNND SHUTDOWN,Planned Work
42033360,PGE,2026-06-10 15:01:00,2026-06-10 23:00:00,PLNND SHUTDOWN,5,SAN LUIS OBISPO,Active,Planned,b09c7d10-7940-49b1-9fbe-5b1202c4d833,#a8a800,275887,-13478081.93,4238982.782,2026-06-10,2026.0,6.0,15.0,7.983333333333333,PLNND SHUTDOWN,Planned Work
42033361,PGE,2026-06-10 15:01:00,2026-06-10 23:00:00,PLNND SHUTDOWN,4,TUOLUMNE,Active,Planned,f5bce6cd-ea51-411b-b1e6-b1a4cce82bad,#a8a800,275894,-13388362.88,4588008.481,2026-06-10,2026.0,6.0,15.0,7.983333333333333,PLNND SHUTDOWN,Planned Work
42033362,PGE,2026-06-10 15:04:09,2026-06-10 23:00:00,PLNND SHUTDOWN,10,MADERA,Active,Planned,7e8cec2f-eb49-4397-ac54-3e8d71458ded,#a8a800,275901,-13338083.2,4427598.265,2026-06-10,2026.0,6.0,15.0,7.930833333333333,PLNND SHUTDOWN,Planned Work
42033363,PGE,2026-06-10 15:00:23,2026-06-10 23:00:00,PLNND SHUTDOWN,28,SAN LUIS OBISPO,Active,Planned,083c5c18-f139-4429-9ce5-91fd3d4adc0b,#a8a800,275908,-13425372.15,4241934.457,2026-06-10,2026.0,6.0,15.0,7.993611111111111,PLNND SHUTDOWN,Planned Work
42033364,PGE,2026-06-10 15:00:42,2026-06-10 23:00:00,PLNND SHUTDOWN,2,MADERA,Active,Planned,22559f6e-34eb-46b0-bb5e-5b477f88eb28,#a8a800,275909,-13314937.65,4490317.43,2026-06-10,2026.0,6.0,15.0,7.988333333333333,PLNND SHUTDOWN,Planned Work
42033365,PGE,2026-06-10 15:01:33,2026-06-10 23:00:00,PLNND SHUTDOWN,1,FRESNO,Active,Planned,ab47f7e8-e16a-4c68-83b0-13e9f5f1f631,#a8a800,275910,-13314788.48,4435388.591,2026-06-10,2026.0,6.0,15.0,7.974166666666667,PLNND SHUTDOWN,Planned Work
42033366,PGE,2026-06-10 15:01:47,2026-06-10 23:00:00,PLNND SHUTDOWN,1,SHASTA,Active,Planned,24b82238-3f54-4128-a2c8-190ce51bc719,#a8a800,275911,-13618622.79,4990843.736,2026-06-10,2026.0,6.0,15.0,7.970277777777778,PLNND SHUTDOWN,Planned Work
42033367,PGE,2026-06-10 15:06:00,2026-06-10 18:00:00,EMERG REPAIRS,1,BUTTE,Active,Not Planned,14280c29-c321-4fc6-abfa-52e59469ba2f,#ffaa00,275913,-13566440.66,4826934.377,2026-06-10,2026.0,6.0,15.0,2.9,EMERG REPAIRS,Repairs / Replacement
42033368,PGE,2026-06-10 15:04:26,2026-06-10 23:00:00,PLNND SHUTDOWN,40,SAN LUIS OBISPO,Active,Planned,ce825360-9a55-4d7e-b81a-6c042d33312c,#a8a800,275916,-13416176.05,4172316.692,2026-06-10,2026.0,6.0,15.0,7.926111111111111,PLNND SHUTDOWN,Planned Work
42033369,PGE,2026-06-10 15:09:19,2026-06-10 19:00:00,PATROLLING,27,SAN MATEO,Active,Not Planned,ee7c2826-ab8e-40e0-86f9-ebdada901953,#ffaa00,275917,-13625033.68,4521991.903,2026-06-10,2026.0,6.0,15.0,3.8447222222222224,PATROLLING,Inspection / Patrol
42033370,PGE,2026-06-10 15:02:00,2026-06-10 23:00:00,PLNND SHUTDOWN,75,NEVADA,Active,Planned,1172326d-7ae9-46b3-bbae-690bfd74862c,#a8a800,275922,-13481176.61,4774656.254,2026-06-10,2026.0,6.0,15.0,7.966666666666667,PLNND SHUTDOWN,Planned Work
42033371,PGE,2026-06-10 15:06:23,2026-06-10 23:00:00,PLNND SHUTDOWN,3,PLACER,Active,Planned,d51c26e2-9c59-442c-ac2d-89dd6b1f4574,#a8a800,275923,-13464620.07,4739281.219,2026-06-10,2026.0,6.0,15.0,7.893611111111111,PLNND SHUTDOWN,Planned Work
42033372,PGE,2026-06-10 15:05:00,2026-06-10 22:00:00,PLNND SHUTDOWN,1,AMADOR,Active,Planned,60e117f1-b86c-48ae-a02e-a75f2502b334,#a8a800,275924,-13447027.13,4657715.31,2026-06-10,2026.0,6.0,15.0,6.916666666666667,PLNND SHUTDOWN,Planned Work
42033373,PGE,2026-06-10 15:03:12,2026-06-10 23:00:00,PLNND SHUTDOWN,1,YUBA,Active,Planned,29284f53-ea02-43b4-9cee-13edf15d6fbf,#a8a800,275926,-13508316.31,4763776.1,2026-06-10,2026.0,6.0,15.0,7.946666666666666,PLNND SHUTDOWN,Planned Work
42033374,PGE,2026-06-10 15:14:41,2026-06-10 23:00:00,PLNND SHUTDOWN,14,CONTRA COSTA,Active,Planned,f614cbd2-d59f-4119-8139-f6ca0455fc4b,#a8a800,275928,-13580914.42,4572449.598,2026-06-10,2026.0,6.0,15.0,7.755277777777778,PLNND SHUTDOWN,Planned Work
42033375,PGE,2026-06-10 15:18:00,2026-06-10 21:30:00,PLNND SHUTDOWN,2,SANTA CRUZ,Active,Planned,64640fa4-202d-496e-a69c-8e37e43c6baa,#a8a800,275932,-13559983.02,4433932.607,2026-06-10,2026.0,6.0,15.0,6.2,PLNND SHUTDOWN,Planned Work
42033376,PGE,2026-06-10 15:23:59,2026-06-10 23:00:00,PLNND SHUTDOWN,2,ALAMEDA,Active,Planned,a3312390-7be9-4371-838b-80e409757fd9,#a8a800,275937,-13604575.38,4546962.752,2026-06-10,2026.0,6.0,15.0,7.6002777777777775,PLNND SHUTDOWN,Planned Work
42033377,PGE,2026-06-10 15:22:00,2026-06-10 22:15:00,THRD PARTY,27,MERCED,Active,Not Planned,13f78e5d-d6a6-4d0c-906f-e7382a20351e,#ffaa00,275939,-13410981.88,4455965.132,2026-06-10,2026.0,6.0,15.0,6.883333333333334,THRD PARTY,External / Environmental
42033378,PGE,2026-06-10 15:17:00,2026-06-10 22:00:00,PLNND SHUTDOWN,46,SAN MATEO,Active,Planned,2ee00a70-100a-4f88-8bfc-16b730e864d7,#a8a800,275942,-13624721.98,4521646.306,2026-06-10,2026.0,6.0,15.0,6.716666666666667,PLNND SHUTDOWN,Planned Work
42033379,PGE,2026-06-10 15:32:39,2026-06-10 23:00:00,PLNND SHUTDOWN,42,SANTA BARBARA,Active,Planned,b7c18a70-3206-40b1-828a-cdaa9215fc4f,#a8a800,275946,-13406781.8,4145025.243,2026-06-10,2026.0,6.0,15.0,7.4558333333333335,PLNND SHUTDOWN,Planned Work
42033380,PGE,2026-06-10 15:33:00,2026-06-10 22:00:00,PLNND SHUTDOWN,2,EL DORADO,Active,Planned,35f9d592-fb51-4490-aba0-0b580654ced1,#a8a800,275948,-13459069.68,4669808.945,2026-06-10,2026.0,6.0,15.0,6.45,PLNND SHUTDOWN,Planned Work
42033381,PGE,2026-06-10 15:37:30,2026-06-11 00:15:00,REPLCE TXFMR,4,SANTA BARBARA,Active,Not Planned,ab4dfd18-6c8b-40e6-baea-9a74183d4b92,#ffaa00,275952,-13405443.74,4145576.061,2026-06-10,2026.0,6.0,15.0,8.625,REPLCE TXFMR,Repairs / Replacement
42033382,PGE,2026-06-10 15:37:00,2026-06-10 23:30:00,PLNND SHUTDOWN,15,CONTRA COSTA,Active,Planned,d2a2de2f-f2f1-4b47-ae8d-ea22354680d4,#a8a800,275953,-13614876.89,4567186.651,2026-06-10,2026.0,6.0,15.0,7.883333333333334,PLNND SHUTDOWN,Planned Work
42033383,PGE,2026-06-10 15:40:20,2026-06-11 03:00:00,BRKN UG EQUIPMNT,1,MERCED,Active,Not Planned,cc016536-8708-41ac-aef6-55fc1e6bf965,#ffaa00,275958,-13426294.99,4491583.695,2026-06-10,2026.0,6.0,15.0,11.327777777777778,BRKN UG EQUIPMNT,Equipment / Underground
42033384,PGE,2026-06-10 16:00:00,2026-06-10 23:00:00,PLNND SHUTDOWN,3,SANTA CRUZ,Active,Planned,3e13d9c5-1c5f-4ae3-a5fd-bae2e2e73c5d,#a8a800,275965,-13596501.38,4461145.908,2026-06-10,2026.0,6.0,16.0,7.0,PLNND SHUTDOWN,Planned Work
42033385,PGE,2026-06-10 15:01:00,2026-06-10 23:00:00,PLNND SHUTDOWN,1,FRESNO,Active,Planned,c0dde348-349a-46e7-8d62-754d7ccaf83a,#a8a800,275966,-13314814.09,4435391.378,2026-06-10,2026.0,6.0,15.0,7.983333333333333,PLNND SHUTDOWN,Planned Work
42033386,PGE,2026-06-10 16:00:00,2026-06-11 00:00:00,PLNND SHUTDOWN,12,SANTA CLARA,Active,Planned,6d236453-7352-4a6a-a4fc-eac3ffb4ce4c,#a8a800,275973,-13577494.69,4473771.95,2026-06-10,2026.0,6.0,16.0,8.0,PLNND SHUTDOWN,Planned Work
42033387,PGE,2026-06-10 15:53:32,2026-06-10 21:30:00,,1,MADERA,Active,Not Planned,2fd7749b-6162-4cfa-91f8-4b54e3623d57,#ffaa00,275974,-13373272.4,4441986.916,2026-06-10,2026.0,6.0,15.0,5.607777777777778,UNKNOWN / NOT PROVIDED,Unknown / Not Provided
42033388,PGE,2026-06-10 15:30:00,2026-06-10 23:00:00,PLNND SHUTDOWN,4,EL DORADO,Active,Planned,729523ff-6ba5-444f-90a1-e15dab8f88f5,#a8a800,275976,-13450297.7,4691026.971,2026-06-10,2026.0,6.0,15.0,7.5,PLNND SHUTDOWN,Planned Work
42033389,PGE,2026-06-10 16:00:00,2026-06-10 21:00:00,PLNND SHUTDOWN,2,SAN LUIS OBISPO,Active,Planned,30df1313-f461-48e3-929d-d15b0b36b392,#a8a800,275983,-13413814.96,4207775.331,2026-06-10,2026.0,6.0,16.0,5.0,PLNND SHUTDOWN,Planned Work
42033390,PGE,2026-06-10 16:00:00,2026-06-10 22:00:00,PLNND SHUTDOWN,5,CONTRA COSTA,Active,Planned,033a8ecd-b474-483a-904a-010ff824f47a,#a8a800,275988,-13600405.35,4565339.819,2026-06-10,2026.0,6.0,16.0,6.0,PLNND SHUTDOWN,Planned Work
42033391,PGE,2026-06-10 16:01:23,2026-06-10 23:00:00,PLNND SHUTDOWN,8,SAN MATEO,Active,Planned,239380b9-a7be-4937-8eea-24919171b7e0,#a8a800,275998,-13610583.3,4507256.557,2026-06-10,2026.0,6.0,16.0,6.976944444444444,PLNND SHUTDOWN,Planned Work
42033392,PGE,2026-06-10 16:03:17,2026-06-10 23:00:00,PLNND SHUTDOWN,7,SAN MATEO,Active,Planned,5bb8014b-5e84-4880-889a-1ae70c191a24,#a8a800,276007,-13610587.75,4507200.44,2026-06-10,2026.0,6.0,16.0,6.945277777777778,PLNND SHUTDOWN,Planned Work
42033393,PGE,2026-06-10 16:04:35,2026-06-10 23:00:00,PLNND SHUTDOWN,35,ALAMEDA,Active,Planned,beb25533-0831-4d9d-a086-827e6345fc34,#a8a800,276014,-13588448.53,4527912.381,2026-06-10,2026.0,6.0,16.0,6.923611111111111,PLNND SHUTDOWN,Planned Work
42033394,PGE,2026-06-10 16:07:00,2026-06-10 23:00:00,PLNND SHUTDOWN,4,SANTA CRUZ,Active,Planned,ffe92686-34ff-42f0-b2d4-a7fb9f8df057,#a8a800,276015,-13558226.4,4423022.565,2026-06-10,2026.0,6.0,16.0,6.883333333333334,PLNND SHUTDOWN,Planned Work
42033395,PGE,2026-06-10 16:07:00,2026-06-10 23:00:00,PLNND SHUTDOWN,2,SANTA CRUZ,Active,Planned,b7899654-a2cc-4cba-87f0-5f0c1c794436,#a8a800,276017,-13558221.95,4423008.647,2026-06-10,2026.0,6.0,16.0,6.883333333333334,PLNND SHUTDOWN,Planned Work
42033396,PGE,2026-06-10 16:11:08,2026-06-10 23:00:00,,1,NEVADA,Active,Not Planned,fecd93f5-91a9-4706-8d61-024bf5066ae6,#ffaa00,276018,-13481162.14,4774686.493,2026-06-10,2026.0,6.0,16.0,6.814444444444445,UNKNOWN / NOT PROVIDED,Unknown / Not Provided
42033397,PGE,2026-06-10 16:05:55,2026-06-10 23:00:00,PLNND SHUTDOWN,26,ALAMEDA,Active,Planned,6b0767f5-e135-4531-9673-db54dd336abf,#a8a800,276019,-13588391.75,4527809.767,2026-06-10,2026.0,6.0,16.0,6.901388888888889,PLNND SHUTDOWN,Planned Work
42033398,PGE,2026-06-10 16:08:00,2026-06-10 23:00:00,PLNND SHUTDOWN,35,SAN MATEO,Active,Planned,aca01b25-375d-46d3-a477-df90420d3e25,#a8a800,276021,-13598145.57,4503484.8,2026-06-10,2026.0,6.0,16.0,6.866666666666666,PLNND SHUTDOWN,Planned Work
42033399,PGE,2026-06-10 16:07:00,2026-06-11 00:00:00,PLNND SHUTDOWN,35,SANTA CLARA,Active,Planned,66cba0e4-60f0-4341-9cdc-bd36cc02849d,#a8a800,276023,-13534447.44,4437538.798,2026-06-10,2026.0,6.0,16.0,7.883333333333334,PLNND SHUTDOWN,Planned Work
42033400,PGE,2026-06-10 16:12:36,2026-06-11 00:00:00,PLNND SHUTDOWN,13,ALAMEDA,Active,Planned,f0fd7dc3-773f-4704-a114-d81a3dbbe982,#a8a800,276024,-13592130.98,4538312.61,2026-06-10,2026.0,6.0,16.0,7.79,PLNND SHUTDOWN,Planned Work
42033401,PGE,2026-06-10 16:04:43,2026-06-10 23:00:00,PLNND SHUTDOWN,2,SANTA CLARA,Active,Planned,49d351ac-a825-439c-a340-8172bd58af62,#a8a800,276025,-13578022.34,4459585.822,2026-06-10,2026.0,6.0,16.0,6.921388888888889,PLNND SHUTDOWN,Planned Work
42033402,PGE,2026-06-10 16:05:00,2026-06-11 01:30:00,PLNND SHUTDOWN,25,SANTA CRUZ,Active,Planned,2b1b59fa-4206-4c4b-a3fd-e64bb5821246,#a8a800,276027,-13582148.96,4443671.304,2026-06-10,2026.0,6.0,16.0,9.416666666666666,PLNND SHUTDOWN,Planned Work
42033403,PGE,2026-06-10 16:08:42,2026-06-10 23:00:00,PLNND SHUTDOWN,34,ALAMEDA,Active,Planned,8e25423f-5066-467e-abfe-903b71604f84,#a8a800,276029,-13597005.66,4540237.684,2026-06-10,2026.0,6.0,16.0,6.855,PLNND SHUTDOWN,Planned Work
42033404,PGE,2026-06-10 16:12:00,2026-06-11 02:15:00,EMERG REPAIRS,182,SAN MATEO,Active,Not Planned,92f0ca73-d3e1-424b-bd8f-972a0b0727a9,#ffaa00,276032,-13616315.14,4517633.437,2026-06-10,2026.0,6.0,16.0,10.05,EMERG REPAIRS,Repairs / Replacement
42033405,PGE,2026-06-10 16:13:32,2026-06-10 23:00:00,PLNND SHUTDOWN,6,SAN MATEO,Active,Planned,027d3f6a-3c48-40c1-91c1-d4a86f686aae,#a8a800,276035,-13610578.84,4507315.479,2026-06-10,2026.0,6.0,16.0,6.774444444444445,PLNND SHUTDOWN,Planned Work
42033406,PGE,2026-06-10 16:13:18,2026-06-10 22:00:00,PLNND SHUTDOWN,1,TUOLUMNE,Active,Planned,200e65b9-9c11-4479-94e3-f32e44cf2797,#a8a800,276036,-13381183.88,4584817.944,2026-06-10,2026.0,6.0,16.0,5.778333333333333,PLNND SHUTDOWN,Planned Work
42033407,PGE,2026-06-10 16:13:46,2026-06-10 22:00:00,PLNND SHUTDOWN,4,BUTTE,Active,Planned,2538a35e-cb63-47de-916c-b2c4a2291483,#a8a800,276037,-13537700.2,4827484.437,2026-06-10,2026.0,6.0,16.0,5.770555555555555,PLNND SHUTDOWN,Planned Work
42033408,PGE,2026-06-10 16:14:00,2026-06-10 22:00:00,PLNND SHUTDOWN,2,FRESNO,Active,Planned,2f6b8d17-0abc-4809-9f07-b18977ce854a,#a8a800,276038,-13309303.77,4440860.422,2026-06-10,2026.0,6.0,16.0,5.766666666666667,PLNND SHUTDOWN,Planned Work
42033409,PGE,2026-06-10 16:16:47,2026-06-10 21:00:00,PLNND SHUTDOWN,7,YOLO,Active,Planned,4f0235ec-5a9c-43d8-ba4e-6195fa4b9409,#a8a800,276041,-13528445.1,4655957.504,2026-06-10,2026.0,6.0,16.0,4.720277777777778,PLNND SHUTDOWN,Planned Work
42033410,PGE,2026-06-10 16:14:00,2026-06-10 22:00:00,PLNND SHUTDOWN,10,FRESNO,Active,Planned,24277679-20d5-4a7a-bed7-5ab02e55dcaf,#a8a800,276042,-13309301.55,4440838.117,2026-06-10,2026.0,6.0,16.0,5.766666666666667,PLNND SHUTDOWN,Planned Work
42033411,PGE,2026-06-10 16:21:00,2026-06-10 22:00:00,PLNND SHUTDOWN,17,FRESNO,Active,Planned,d35a150e-97a2-49f7-b1d2-05c6ccd63f7d,#a8a800,276043,-13336020.45,4412133.445,2026-06-10,2026.0,6.0,16.0,5.65,PLNND SHUTDOWN,Planned Work
42033412,PGE,2026-06-10 16:26:04,2026-06-10 21:00:00,EMERG REPAIRS,17,SONOMA,Active,Not Planned,6546989b-91ff-426c-9458-ea6996ded9ba,#ffaa00,276048,-13693524.11,4645763.91,2026-06-10,2026.0,6.0,16.0,4.565555555555555,EMERG REPAIRS,Repairs / Replacement
42033413,PGE,2026-06-10 16:23:30,2026-06-10 23:00:00,PLNND SHUTDOWN,1,MONTEREY,Active,Planned,cdc8b3b4-edbb-4b28-8a10-fdd72feb8074,#a8a800,276050,-13534825.93,4354739.148,2026-06-10,2026.0,6.0,16.0,6.608333333333333,PLNND SHUTDOWN,Planned Work
42033414,PGE,2026-06-10 16:30:45,2026-06-10 22:45:00,,1,SAN MATEO,Active,Not Planned,0cfb4dbc-cc84-461f-970f-fc52f88b1a16,#ffaa00,276052,-13598175.62,4503609.615,2026-06-10,2026.0,6.0,16.0,6.2375,UNKNOWN / NOT PROVIDED,Unknown / Not Provided
42033415,PGE,2026-06-10 16:33:35,2026-06-11 02:30:00,DAMGE UG CABLE,1,KERN,Active,Not Planned,4179617f-b40d-4c7a-9899-cd9b4535481d,#ffaa00,276060,-13261150.3,4216798.783,2026-06-10,2026.0,6.0,16.0,9.940277777777778,DAMGE UG CABLE,Equipment / Underground
42033416,PGE,2026-06-10 16:30:30,2026-06-10 21:00:00,PLNND SHUTDOWN,7,YOLO,Active,Planned,3b99b576-eeb0-4900-8c33-be7739a8f2f6,#a8a800,276066,-13528379.42,4656116.904,2026-06-10,2026.0,6.0,16.0,4.491666666666666,PLNND SHUTDOWN,Planned Work
42033417,PGE,2026-06-10 16:10:00,2026-06-10 23:00:00,PLNND SHUTDOWN,95,SAN FRANCISCO,Active,Planned,450fba79-c898-4217-a70d-0fde8b6d0cbb,#a8a800,276068,-13630235.64,4545530.654,2026-06-10,2026.0,6.0,16.0,6.833333333333333,PLNND SHUTDOWN,Planned Work
42033418,PGE,2026-06-10 15:19:00,2026-06-10 23:00:00,PLNND SHUTDOWN,5,SAN LUIS OBISPO,Active,Planned,534f3336-2d4c-4b2e-bf85-dcc1133ee877,#a8a800,276070,-13438177.23,4229068.942,2026-06-10,2026.0,6.0,15.0,7.683333333333334,PLNND SHUTDOWN,Planned Work
42033419,PGE,2026-06-10 16:31:25,2026-06-10 20:00:00,PLNND SHUTDOWN,1,MONTEREY,Active,Planned,877a9987-e399-479d-9096-b4f60d387391,#a8a800,276071,-13573375.87,4378477.903,2026-06-10,2026.0,6.0,16.0,3.4763888888888888,PLNND SHUTDOWN,Planned Work
42033420,PGE,2026-06-10 16:36:15,2026-06-11 02:30:00,,52,SAN MATEO,Active,Not Planned,14a0bcec-c627-4c44-8306-bc1ca65304b1,#ffaa00,276073,-13616521.08,4517582.882,2026-06-10,2026.0,6.0,16.0,9.895833333333334,UNKNOWN / NOT PROVIDED,Unknown / Not Provided
42033421,PGE,2026-06-10 16:54:04,2026-06-10 22:00:00,PATROLLING,1,SAN LUIS OBISPO,Active,Not Planned,6e25f4c1-833d-4a92-96a0-7179a0869bae,#ffaa00,276112,-13411145.52,4169904.328,2026-06-10,2026.0,6.0,16.0,5.098888888888889,PATROLLING,Inspection / Patrol
42033422,PGE,2026-06-10 16:54:00,2026-06-10 22:00:00,PLNND SHUTDOWN,10,CALAVERAS,Active,Planned,3ed9b3c0-7237-4819-9b5c-4f577b45d096,#a8a800,276113,-13427629.71,4615493.226,2026-06-10,2026.0,6.0,16.0,5.1,PLNND SHUTDOWN,Planned Work
42033423,PGE,2026-06-10 15:01:00,2026-06-10 23:00:00,PLNND SHUTDOWN,1,MADERA,Active,Planned,bb992e2a-cc38-4247-b28f-e95dd12c45c6,#a8a800,276116,-13315002.22,4490289.417,2026-06-10,2026.0,6.0,15.0,7.983333333333333,PLNND SHUTDOWN,Planned Work
42033424,PGE,2026-06-10 15:01:00,2026-06-10 23:00:00,PLNND SHUTDOWN,1,MADERA,Active,Planned,e60708c0-fed8-4753-bba0-18d4ab122665,#a8a800,276118,-13314874.2,4490321.632,2026-06-10,2026.0,6.0,15.0,7.983333333333333,PLNND SHUTDOWN,Planned Work
42033425,PGE,2026-06-10 16:58:54,2026-06-10 23:15:00,,1,SANTA CLARA,Active,Not Planned,5d4df00a-dc91-46bc-b3be-123b805207a8,#ffaa00,276119,-13559262.78,4492607.744,2026-06-10,2026.0,6.0,16.0,6.2683333333333335,UNKNOWN / NOT PROVIDED,Unknown / Not Provided
42033426,PGE,2026-06-10 16:54:04,2026-06-10 23:00:00,PLNND SHUTDOWN,43,EL DORADO,Active,Planned,dc6ae515-fa1b-4feb-8140-a32a9379d8c7,#a8a800,276120,-13434778.65,4709599.212,2026-06-10,2026.0,6.0,16.0,6.098888888888889,PLNND SHUTDOWN,Planned Work
42033427,PGE,2026-06-10 17:01:00,2026-06-11 00:00:00,PLNND SHUTDOWN,325,MARIN,Active,Planned,9b333309-4d62-4806-8418-5756ce2a855a,#a8a800,276123,-13644895.3,4576548.615,2026-06-10,2026.0,6.0,17.0,6.983333333333333,PLNND SHUTDOWN,Planned Work
42033428,PGE,2026-06-10 17:02:53,2026-06-10 21:30:00,REPLCE SRVC,1,SONOMA,Active,Not Planned,df916fe2-e0bf-4d47-a762-c54c7010c704,#ffaa00,276125,-13641132.7,4622396.442,2026-06-10,2026.0,6.0,17.0,4.451944444444444,REPLCE SRVC,Repairs / Replacement
42033429,PGE,2026-06-10 16:03:00,2026-06-11 00:00:00,PLNND SHUTDOWN,11,SAN MATEO,Active,Planned,8234e9f5-3541-41f6-9cc3-9139cc68c97b,#a8a800,276126,-13615230.88,4509616.524,2026-06-10,2026.0,6.0,16.0,7.95,PLNND SHUTDOWN,Planned Work
42033430,PGE,2026-06-10 17:07:48,2026-06-10 23:45:00,BRKN UG EQUIPMNT,21,SANTA CLARA,Active,Not Planned,5f15543b-19bf-45d6-8e58-0ee3499a0de4,#ffaa00,276130,-13561513.66,4477035.041,2026-06-10,2026.0,6.0,17.0,6.62,BRKN UG EQUIPMNT,Equipment / Underground
42033431,PGE,2026-06-10 17:11:39,2026-06-10 23:45:00,,1,SAN JOAQUIN,Active,Not Planned,bf654a88-e296-4094-951c-4cb28d3c65c5,#ffaa00,276134,-13506898.1,4578958.231,2026-06-10,2026.0,6.0,17.0,6.555833333333333,UNKNOWN / NOT PROVIDED,Unknown / Not Provided
42033432,PGE,2026-06-10 17:12:06,2026-06-11 00:00:00,PLNND SHUTDOWN,24,CONTRA COSTA,Active,Planned,c65a6a50-c22f-4145-a080-0025238d625b,#a8a800,276136,-13617466.18,4569244.091,2026-06-10,2026.0,6.0,17.0,6.798333333333333,PLNND SHUTDOWN,Planned Work
42033433,PGE,2026-06-10 17:14:00,2026-06-10 23:00:00,PLNND SHUTDOWN,32,SANTA CLARA,Active,Planned,e12a7aec-63ed-4806-8dac-6bbdb92f6975,#a8a800,276138,-13568187.27,4480795.913,2026-06-10,2026.0,6.0,17.0,5.766666666666667,PLNND SHUTDOWN,Planned Work
42033434,PGE,2026-06-10 17:18:20,2026-06-10 21:00:00,,21,CONTRA COSTA,Active,Not Planned,3641fd65-a28e-4e24-80e2-5a1ac747d958,#ffaa00,276142,-13615708.44,4568259.065,2026-06-10,2026.0,6.0,17.0,3.6944444444444446,UNKNOWN / NOT PROVIDED,Unknown / Not Provided
42033435,PGE,2026-06-10 16:45:00,2026-06-10 23:00:00,PLNND SHUTDOWN,4,SANTA CLARA,Active,Planned,d49edd3e-4b75-45ce-9e1c-bbaf7b2e728a,#a8a800,276152,-13571277.5,4491845.652,2026-06-10,2026.0,6.0,16.0,6.25,PLNND SHUTDOWN,Planned Work
42033436,PGE,2026-06-10 17:27:43,2026-06-10 22:00:00,PLNND SHUTDOWN,8,NEVADA,Active,Planned,89688264-d15b-4be2-a83e-6ce2c8af9a9f,#a8a800,276159,-13475888.94,4741651.966,2026-06-10,2026.0,6.0,17.0,4.538055555555555,PLNND SHUTDOWN,Planned Work
42033437,PGE,2026-06-10 17:44:00,2026-06-11 00:00:00,PLNND SHUTDOWN,1,SANTA CLARA,Active,Planned,9eb1ede9-8873-415e-be8d-0c919e4f24b5,#a8a800,276170,-13574201.86,4456942.443,2026-06-10,2026.0,6.0,17.0,6.266666666666667,PLNND SHUTDOWN,Planned Work
42033438,PGE,2026-06-10 17:52:36,2026-06-10 21:15:00,,59,ALAMEDA,Active,Not Planned,56458f58-3a86-4aec-8b1d-e24e3f1cbf3b,#ffaa00,276176,-13607665.61,4549233.109,2026-06-10,2026.0,6.0,17.0,3.3733333333333335,UNKNOWN / NOT PROVIDED,Unknown / Not Provided
42033439,PGE,2026-06-10 18:00:13,2026-06-11 01:00:00,PLNND SHUTDOWN,3,EL DORADO,Active,Planned,baee812d-ced5-43a6-9ef4-f4bb8124e32d,#a8a800,276191,-13422143.89,4687647.22,2026-06-10,2026.0,6.0,18.0,6.996388888888889,PLNND SHUTDOWN,Planned Work
42033440,PGE,2026-06-10 17:58:00,2026-06-10 23:00:00,PLNND SHUTDOWN,23,SAN MATEO,Active,Planned,cad87dad-6c22-4326-a981-931ecf03d479,#a8a800,276195,-13607368.39,4502761.182,2026-06-10,2026.0,6.0,17.0,5.033333333333333,PLNND SHUTDOWN,Planned Work
42033441,PGE,2026-06-10 18:11:28,2026-06-11 02:45:00,PATROLLING,1,SAN MATEO,Active,Not Planned,9bbaff05-41ea-4328-9b9d-a01ffe131911,#ffaa00,276196,-13633437.19,4510253.609,2026-06-10,2026.0,6.0,18.0,8.55888888888889,PATROLLING,Inspection / Patrol
42033442,PGE,2026-06-10 18:15:37,2026-06-10 21:45:00,PATROLLING,1,SAN MATEO,Active,Not Planned,1a8a6c24-d1fc-43d9-b9bd-9ed78dcece44,#ffaa00,276198,-13635189.36,4523534.586,2026-06-10,2026.0,6.0,18.0,3.4897222222222224,PATROLLING,Inspection / Patrol
42033443,PGE,2026-06-10 18:14:48,2026-06-11 02:45:00,TREE CONTACT,21,SANTA CLARA,Active,Not Planned,77efab6d-5a96-4171-8e6c-7b6b4b80d4ca,#ffaa00,276199,-13581221.67,4486396.338,2026-06-10,2026.0,6.0,18.0,8.503333333333334,TREE CONTACT,External / Environmental
42033444,PGE,2026-06-10 18:17:07,2026-06-11 00:45:00,PATROLLING,1,SAN LUIS OBISPO,Active,Not Planned,9f2db173-0b01-44b3-aa34-44d2857c297e,#ffaa00,276201,-13457792.84,4223967.124,2026-06-10,2026.0,6.0,18.0,6.464722222222222,PATROLLING,Inspection / Patrol
42033445,PGE,2026-06-10 18:29:22,2026-06-10 23:45:00,,1,FRESNO,Active,Not Planned,09368390-b999-4417-b848-e9c834d61536,#ffaa00,276210,-13331736.88,4406934.857,2026-06-10,2026.0,6.0,18.0,5.260555555555555,UNKNOWN / NOT PROVIDED,Unknown / Not Provided
42033446,PGE,2026-06-10 18:31:50,2026-06-11 01:45:00,PATROLLING,1,FRESNO,Active,Not Planned,cebad861-cda3-4b6d-89af-665ee756995e,#ffaa00,276212,-13335391.5,4410996.21,2026-06-10,2026.0,6.0,18.0,7.219444444444444,PATROLLING,Inspection / Patrol
42033447,PGE,2026-06-10 18:34:25,2026-06-11 03:30:00,,9,SANTA CLARA,Active,Not Planned,acfc5632-d17d-4b95-9ea7-8d01596245f2,#ffaa00,276216,-13581223.89,4486602.159,2026-06-10,2026.0,6.0,18.0,8.926388888888889,UNKNOWN / NOT PROVIDED,Unknown / Not Provided
42033448,PGE,2026-06-10 18:06:00,2026-06-12 00:00:00,PLNND SHUTDOWN,3,SANTA CLARA,Active,Planned,7b6fbecd-529f-47d6-91f7-74c1c739658e,#a8a800,276227,-13569559.84,4495540.356,2026-06-10,2026.0,6.0,18.0,29.9,PLNND SHUTDOWN,Planned Work
42033449,PGE,2026-06-10 18:44:53,2026-06-11 03:30:00,PATROLLING,1,SANTA CLARA,Active,Not Planned,5762e035-4be1-4540-9bce-e151a8481b72,#ffaa00,276231,-13581573.44,4477395.96,2026-06-10,2026.0,6.0,18.0,8.751944444444444,PATROLLING,Inspection / Patrol
42033450,PGE,2026-06-10 18:46:00,2026-06-11 00:30:00,PATROLLING,199,PLACER,Active,Not Planned,47f3bedd-329f-4d56-b744-3287674d0699,#ffaa00,276237,-13443706.47,4758435.312,2026-06-10,2026.0,6.0,18.0,5.733333333333333,PATROLLING,Inspection / Patrol
42033451,PGE,2026-06-10 19:03:00,2026-06-10 23:00:00,PLNND SHUTDOWN,2,AMADOR,Active,Planned,3647c9df-da33-44c7-b4ee-2e1bda89dd86,#a8a800,276244,-13441482.31,4651799.751,2026-06-10,2026.0,6.0,19.0,3.95,PLNND SHUTDOWN,Planned Work
42033452,PGE,2026-06-10 19:05:09,2026-06-11 01:00:00,PATROLLING,1,SAN JOAQUIN,Active,Not Planned,1fa93b55-55fe-48af-8867-97a4e2315082,#ffaa00,276247,-13494511.58,4595808.729,2026-06-10,2026.0,6.0,19.0,5.914166666666667,PATROLLING,Inspection / Patrol
42033453,PGE,2026-06-10 19:00:50,2026-06-11 01:30:00,PLNND SHUTDOWN,4,EL DORADO,Active,Planned,88f70cc2-c1e4-44d0-9d90-d7164310c35a,#a8a800,276248,-13421975.8,4687574.411,2026-06-10,2026.0,6.0,19.0,6.486111111111111,PLNND SHUTDOWN,Planned Work
42033454,PGE,2026-06-10 19:00:12,2026-06-10 23:00:00,PLNND SHUTDOWN,1,MARIPOSA,Active,Planned,b4b521b5-8ea1-4579-8713-e10ecea6043d,#a8a800,276250,-13351067.51,4517976.093,2026-06-10,2026.0,6.0,19.0,3.9966666666666666,PLNND SHUTDOWN,Planned Work
42033455,PGE,2026-06-10 19:09:00,2026-06-10 23:45:00,PATROLLING,1,KINGS,Active,Not Planned,7d528fda-f542-4389-83a2-c749e73d431f,#ffaa00,276251,-13337723.64,4354591.179,2026-06-10,2026.0,6.0,19.0,4.6,PATROLLING,Inspection / Patrol
42033456,PGE,2026-06-10 19:11:55,2026-06-10 22:45:00,,1,SAN FRANCISCO,Active,Not Planned,5846d34e-8c09-4bfd-9c95-f0451beb8b47,#ffaa00,276255,-13628985.52,4538502.568,2026-06-10,2026.0,6.0,19.0,3.551388888888889,UNKNOWN / NOT PROVIDED,Unknown / Not Provided
42033457,PGE,2026-06-10 19:16:32,2026-06-11 05:30:00,,1,MARIN,Active,Not Planned,f40dc2ea-4d77-4fc8-a1ed-bf5c0536def7,#ffaa00,276259,-13671136.65,4588503.335,2026-06-10,2026.0,6.0,19.0,10.224444444444444,UNKNOWN / NOT PROVIDED,Unknown / Not Provided
42033458,PGE,2026-06-10 19:17:30,2026-06-10 22:45:00,Awaiting Investigation,19,BUTTE,Active,Not Planned,c0b60ada-2080-4fd0-b172-f8839d336f96,#ffaa00,276260,-13529615.06,4786317.991,2026-06-10,2026.0,6.0,19.0,3.4583333333333335,AWAITING INVESTIGATION,Under Investigation
42033459,PGE,2026-06-10 19:22:12,2026-06-11 02:00:00,,1,SAN FRANCISCO,Active,Not Planned,9ee22184-aed0-4cf0-bc1f-979490629f8d,#ffaa00,276263,-13626742.43,4541645.126,2026-06-10,2026.0,6.0,19.0,6.63,UNKNOWN / NOT PROVIDED,Unknown / Not Provided
42033460,PGE,2026-06-10 19:22:27,2026-06-11 02:15:00,EMERG REPAIRS,9,SANTA CLARA,Active,Not Planned,012a71b4-a455-468a-a709-7a24ca3bc474,#ffaa00,276264,-13587252.96,4486078.514,2026-06-10,2026.0,6.0,19.0,6.8758333333333335,EMERG REPAIRS,Repairs / Replacement
42033461,PGE,2026-06-10 19:23:38,2026-06-11 02:45:00,,1,SAN FRANCISCO,Active,Not Planned,4215bf4b-c0d5-4fea-9216-c9d7465adf64,#ffaa00,276266,-13630385.92,4549586.664,2026-06-10,2026.0,6.0,19.0,7.356111111111111,UNKNOWN / NOT PROVIDED,Unknown / Not Provided
42033462,PGE,2026-06-10 19:24:45,2026-06-10 23:30:00,,1,SOLANO,Active,Not Planned,e39d4246-d8f5-49ac-883d-8b0fae10ed50,#ffaa00,276267,-13580048.36,4630571.993,2026-06-10,2026.0,6.0,19.0,4.0875,UNKNOWN / NOT PROVIDED,Unknown / Not Provided
42033463,PGE,2026-06-10 19:25:06,2026-06-10 23:45:00,PATROLLING,1,ALAMEDA,Active,Not Planned,2c53d971-c4fa-4f18-9cdc-4a9f27f45fbb,#ffaa00,276269,-13600611.3,4543173.824,2026-06-10,2026.0,6.0,19.0,4.331666666666667,PATROLLING,Inspection / Patrol
42033464,PGE,2026-06-10 19:27:06,2026-06-10 23:00:00,PATROLLING,1,CALAVERAS,Active,Not Planned,b2ca1454-81b7-4fd2-97c1-f5e29dcfa3f3,#ffaa00,276271,-13420419.55,4591521.046,2026-06-10,2026.0,6.0,19.0,3.5483333333333333,PATROLLING,Inspection / Patrol
42033465,PGE,2026-06-10 19:29:23,2026-06-10 23:00:00,,1,KERN,Active,Not Planned,289e8b87-c4c2-43bd-a567-655d51bd7dd6,#ffaa00,276272,-13248468.78,4216446.497,2026-06-10,2026.0,6.0,19.0,3.5102777777777776,UNKNOWN / NOT PROVIDED,Unknown / Not Provided
42033466,PGE,2026-06-10 19:29:33,2026-06-11 04:00:00,PATROLLING,1,ALAMEDA,Active,Not Planned,82ef15cf-5018-4d30-bf5a-f56cfe638233,#ffaa00,276273,-13594957.38,4537776.523,2026-06-10,2026.0,6.0,19.0,8.5075,PATROLLING,Inspection / Patrol
42033467,PGE,2026-06-10 19:31:08,2026-06-10 23:00:00,,1,ALAMEDA,Active,Not Planned,3af5f6d9-049a-4335-b355-65d2d61c2451,#ffaa00,276280,-13613208.21,4558423.817,2026-06-10,2026.0,6.0,19.0,3.4811111111111113,UNKNOWN / NOT PROVIDED,Unknown / Not Provided
42033468,PGE,2026-06-10 19:27:00,2026-06-10 22:15:00,PATROLLING,761,SANTA CLARA,Active,Not Planned,b26ad85a-6b31-4d74-9fdf-17f57ef5ca78,#ffaa00,276284,-13570472.66,4495435.255,2026-06-10,2026.0,6.0,19.0,2.8,PATROLLING,Inspection / Patrol
42033469,PGE,2026-06-10 19:34:12,2026-06-11 01:45:00,,1,NAPA,Active,Not Planned,6db78fd4-a005-4d6a-8ed6-746567a4bf68,#ffaa00,276290,-13627350.24,4635188.424,2026-06-10,2026.0,6.0,19.0,6.18,UNKNOWN / NOT PROVIDED,Unknown / Not Provided
42033470,PGE,2026-06-10 19:34:31,2026-06-11 00:00:00,,1,PLUMAS,Active,Not Planned,78197fb9-871b-4c12-a0f3-156556ed41bc,#ffaa00,276291,-13476407.69,4857742.507,2026-06-10,2026.0,6.0,19.0,4.424722222222222,UNKNOWN / NOT PROVIDED,Unknown / Not Provided
42033471,PGE,2026-06-10 19:36:14,2026-06-10 23:30:00,,3,CALAVERAS,Active,Not Planned,b64d1d4e-7072-4d7c-8604-b624073b48df,#ffaa00,276292,-13395223.5,4615213.961,2026-06-10,2026.0,6.0,19.0,3.8961111111111113,UNKNOWN / NOT PROVIDED,Unknown / Not Provided
42033472,PGE,2026-06-10 19:36:39,2026-06-10 23:15:00,,7,ALAMEDA,Active,Not Planned,1b461704-7db7-4be8-b0ec-7c04cf91c5df,#ffaa00,276294,-13577690.61,4515809.404,2026-06-10,2026.0,6.0,19.0,3.6391666666666667,UNKNOWN / NOT PROVIDED,Unknown / Not Provided
42033473,PGE,2026-06-10 19:45:50,2026-06-11 04:15:00,,1,SAN JOAQUIN,Active,Not Planned,ebf76859-3033-4bfe-9079-a93709104c4e,#ffaa00,276299,-13493953.86,4601277.362,2026-06-10,2026.0,6.0,19.0,8.48611111111111,UNKNOWN / NOT PROVIDED,Unknown / Not Provided
42033474,PGE,2026-06-10 19:45:53,2026-06-10 23:15:00,,1,SUTTER,Active,Not Planned,c48a4825-0f7b-432f-bf4f-cfcbd8a9a683,#ffaa00,276300,-13538098.72,4741719.423,2026-06-10,2026.0,6.0,19.0,3.4852777777777777,UNKNOWN / NOT PROVIDED,Unknown / Not Provided
42033475,PGE,2026-06-10 19:48:26,2026-06-10 23:15:00,,1,SUTTER,Active,Not Planned,1a35edf2-3152-418b-88f4-b46e9d335ef4,#ffaa00,276301,-13538944.75,4741369.227,2026-06-10,2026.0,6.0,19.0,3.4427777777777777,UNKNOWN / NOT PROVIDED,Unknown / Not Provided
42033476,PGE,2026-06-10 19:49:19,2026-06-11 03:45:00,,1,ALAMEDA,Active,Not Planned,7fbbc7b9-ade5-47f2-940b-94b862bcc111,#ffaa00,276308,-13578088.02,4515010.525,2026-06-10,2026.0,6.0,19.0,7.928055555555556,UNKNOWN / NOT PROVIDED,Unknown / Not Provided
42033477,PGE,2026-06-10 19:49:32,2026-06-11 02:00:00,,1,SAN JOAQUIN,Active,Not Planned,64c01df5-db7b-4401-b8d5-79fb319dfc3f,#ffaa00,276311,-13499520.95,4570006.209,2026-06-10,2026.0,6.0,19.0,6.174444444444444,UNKNOWN / NOT PROVIDED,Unknown / Not Provided
42033478,PGE,2026-06-10 18:34:12,2026-06-11 02:00:00,,4062,CONTRA COSTA,Active,Not Planned,e94243df-aa69-40b5-84e7-c293f8002e10,#ffaa00,276313,-13570341.3,4582185.114,2026-06-10,2026.0,6.0,18.0,7.43,UNKNOWN / NOT PROVIDED,Unknown / Not Provided
42033479,PGE,2026-06-10 19:50:17,2026-06-11 03:15:00,,1,SOLANO,Active,Not Planned,189b918f-39f6-4d47-b639-e780129f42d9,#ffaa00,276328,-13606015.86,4594606.131,2026-06-10,2026.0,6.0,19.0,7.411944444444444,UNKNOWN / NOT PROVIDED,Unknown / Not Provided
42033480,PGE,2026-06-10 19:51:25,2026-06-11 00:15:00,,1,SAN FRANCISCO,Active,Not Planned,90236498-6d94-4b23-829a-929b0f11ca73,#ffaa00,276329,-13632750.35,4542966.888,2026-06-10,2026.0,6.0,19.0,4.393055555555556,UNKNOWN / NOT PROVIDED,Unknown / Not Provided
42033481,PGE,2026-06-10 19:51:52,2026-06-10 23:15:00,,1,SUTTER,Active,Not Planned,d11a28ab-8c64-49ba-8cf9-55c774d3e981,#ffaa00,276331,-13539174.07,4741805.539,2026-06-10,2026.0,6.0,19.0,3.3855555555555554,UNKNOWN / NOT PROVIDED,Unknown / Not Provided
42033482,PGE,2026-06-10 19:52:41,2026-06-11 04:45:00,,1,LAKE,Active,Not Planned,54720b59-2758-4559-a0bb-672c65716d74,#ffaa00,276332,-13651293.95,4684762.397,2026-06-10,2026.0,6.0,19.0,8.871944444444445,UNKNOWN / NOT PROVIDED,Unknown / Not Provided
42033483,PGE,2026-06-10 19:52:42,2026-06-11 03:15:00,,1,TUOLUMNE,Active,Not Planned,42446d31-8a49-4342-b556-f8bd638c9439,#ffaa00,276333,-13402012.87,4586143.799,2026-06-10,2026.0,6.0,19.0,7.371666666666667,UNKNOWN / NOT PROVIDED,Unknown / Not Provided
42033484,PGE,2026-06-10 19:53:38,2026-06-11 02:45:00,,1,SANTA CLARA,Active,Not Planned,b65e9dc0-513a-4527-89cb-f59cc3d77273,#ffaa00,276334,-13570181.0,4495512.329,2026-06-10,2026.0,6.0,19.0,6.856111111111111,UNKNOWN / NOT PROVIDED,Unknown / Not Provided
42033485,PGE,2026-06-10 19:53:56,2026-06-11 04:30:00,PATROLLING,1,SANTA CLARA,Active,Not Planned,b01ba130-7a36-4105-a0dc-7a3e85c05e71,#ffaa00,276335,-13569255.93,4487625.723,2026-06-10,2026.0,6.0,19.0,8.601111111111111,PATROLLING,Inspection / Patrol
42033486,PGE,2026-06-10 19:54:15,2026-06-11 04:30:00,PATROLLING,1,SONOMA,Active,Not Planned,71a55388-b741-46be-b238-43812fc8fd12,#ffaa00,276336,-13679987.66,4637195.535,2026-06-10,2026.0,6.0,19.0,8.595833333333333,PATROLLING,Inspection / Patrol
42033487,PGE,2026-06-10 19:51:44,2026-06-11 00:15:00,,4,MADERA,Active,Not Planned,a4385d64-4d57-4205-a344-999c4857f448,#ffaa00,276337,-13360504.06,4437232.196,2026-06-10,2026.0,6.0,19.0,4.387777777777778,UNKNOWN / NOT PROVIDED,Unknown / Not Provided
42033488,PGE,2026-06-10 19:55:34,2026-06-10 23:30:00,,1,SANTA CLARA,Active,Not Planned,f435c2b6-f326-460e-a32c-9af54dd14598,#ffaa00,276338,-13571884.19,4500350.884,2026-06-10,2026.0,6.0,19.0,3.573888888888889,UNKNOWN / NOT PROVIDED,Unknown / Not Provided
42033489,PGE,2026-06-10 19:57:19,2026-06-11 00:30:00,,12,SANTA CRUZ,Active,Not Planned,91658989-c4c3-4897-ba63-61852906f8f7,#ffaa00,276340,-13581894.04,4437852.378,2026-06-10,2026.0,6.0,19.0,4.544722222222222,UNKNOWN / NOT PROVIDED,Unknown / Not Provided
42033490,PGE,2026-06-10 20:01:31,2026-06-11 05:30:00,,1,SAN FRANCISCO,Active,Not Planned,a10659aa-26ff-4019-b5e0-9d73a52b2476,#ffaa00,276342,-13625573.58,4542130.738,2026-06-10,2026.0,6.0,20.0,9.474722222222223,UNKNOWN / NOT PROVIDED,Unknown / Not Provided
42033491,PGE,2026-06-10 20:04:18,2026-06-10 23:45:00,,1,SANTA CLARA,Active,Not Planned,ba8026c2-bae7-428b-803e-82292776e40c,#ffaa00,276343,-13579925.91,4496451.272,2026-06-10,2026.0,6.0,20.0,3.6783333333333332,UNKNOWN / NOT PROVIDED,Unknown / Not Provided
42033492,PGE,2026-06-10 20:03:00,2026-06-11 02:00:00,,18,MONTEREY,Active,Not Planned,f79afee6-328e-4635-a80a-14f9641f5517,#ffaa00,276344,-13505494.36,4348640.92,2026-06-10,2026.0,6.0,20.0,5.95,UNKNOWN / NOT PROVIDED,Unknown / Not Provided
42033493,PGE,2026-06-10 20:06:17,,,1,SAN JOAQUIN,Active,Not Planned,6edfaeff-d40e-4cfa-884f-90257b4c96a3,#ffaa00,276345,-13508170.48,4575296.005,2026-06-10,2026.0,6.0,20.0,,UNKNOWN / NOT PROVIDED,Unknown / Not Provided
42033494,PGE,2026-06-10 20:01:01,2026-06-10 23:00:00,PLNND SHUTDOWN,8,EL DORADO,Active,Planned,6e841ae1-4cc3-40ba-8800-e58718858a74,#a8a800,276346,-13441746.14,4683349.545,2026-06-10,2026.0,6.0,20.0,2.9830555555555556,PLNND SHUTDOWN,Planned Work
42033495,PGE,2026-06-10 20:06:50,,,1,SANTA CLARA,Active,Not Planned,54f69ec6-9ca5-4057-82fd-b53bdb95da10,#ffaa00,276347,-13568306.38,4493299.84,2026-06-10,2026.0,6.0,20.0,,UNKNOWN / NOT PROVIDED,Unknown / Not Provided
42033496,PGE,2026-06-10 20:02:51,2026-06-11 00:00:00,PLNND SHUTDOWN,2,SANTA CRUZ,Active,Planned,3e7328b8-4af5-463b-b76e-27dd9152802b,#a8a800,276348,-13582800.18,4437802.204,2026-06-10,2026.0,6.0,20.0,3.9525,PLNND SHUTDOWN,Planned Work
42033497,PGE,2026-06-10 20:09:05,,,1,HUMBOLDT,Active,Not Planned,f4c98df8-4106-46a9-8466-63948a739fbf,#ffaa00,276349,-13766256.92,5016220.207,2026-06-10,2026.0,6.0,20.0,,UNKNOWN / NOT PROVIDED,Unknown / Not Provided
42033498,PGE,2026-06-10 20:10:00,,PUBLIC SAFETY,157,GLENN,Active,Not Planned,fbf6da2e-9414-4e5e-9acd-f04ab37ee850,#ffaa00,276350,-13608740.96,4832191.587,2026-06-10,2026.0,6.0,20.0,,PUBLIC SAFETY,Public Safety
42033499,PGE,2026-06-10 20:13:16,,,1,SAN MATEO,Active,Not Planned,e1531f2b-fc0f-4e97-910a-43c6fd4f365e,#ffaa00,276351,-13631408.95,4531917.949,2026-06-10,2026.0,6.0,20.0,,UNKNOWN / NOT PROVIDED,Unknown / Not Provided
42033500,PGE,2026-06-10 20:08:34,2026-06-10 23:30:00,PLNND SHUTDOWN,1,SAN LUIS OBISPO,Active,Planned,61b8e1b5-68e7-465d-b6f7-f459e3fec864,#a8a800,276352,-13420788.02,4250549.079,2026-06-10,2026.0,6.0,20.0,3.357222222222222,PLNND SHUTDOWN,Planned Work
42033501,PGE,2026-06-10 20:14:02,,,203,KERN,Active,Not Planned,c8af23fc-8660-4168-be88-018342b4d22a,#ffaa00,276353,-13250972.36,4220044.993,2026-06-10,2026.0,6.0,20.0,,UNKNOWN / NOT PROVIDED,Unknown / Not Provided
42033502,PGE,2026-06-10 20:13:57,,,1,MONTEREY,Active,Not Planned,12feae1c-6af0-4a9a-9032-3bc0b1a089b6,#ffaa00,276354,-13540916.22,4397358.86,2026-06-10,2026.0,6.0,20.0,,UNKNOWN / NOT PROVIDED,Unknown / Not Provided
42033503,PGE,2026-06-10 20:08:47,,,4,EL DORADO,Active,Not Planned,b7b77336-9daf-4f19-ad0f-e8c733dd4278,#ffaa00,276355,-13422072.64,4687628.661,2026-06-10,2026.0,6.0,20.0,,UNKNOWN / NOT PROVIDED,Unknown / Not Provided
42033504,PGE,2026-06-10 20:14:00,,PUBLIC SAFETY,319,GLENN,Active,Not Planned,8bd32514-5d2b-46a6-a6a9-b8b0c7cc43fb,#ffaa00,276356,-13641443.28,4806981.891,2026-06-10,2026.0,6.0,20.0,,PUBLIC SAFETY,Public Safety
42033505,PGE,2026-06-10 20:16:50,,,15,KERN,Active,Not Planned,2ef7c79c-0da5-40aa-8ade-8b5f83934514,#ffaa00,276357,-13251274.04,4219616.116,2026-06-10,2026.0,6.0,20.0,,UNKNOWN / NOT PROVIDED,Unknown / Not Provided
42033506,PGE,2026-06-10 20:15:00,,PUBLIC SAFETY,409,GLENN,Active,Not Planned,6d6fd52f-d6e0-48fb-b52a-56e1e20f38b3,#ffaa00,276358,-13610888.31,4799123.463,2026-06-10,2026.0,6.0,20.0,,PUBLIC SAFETY,Public Safety
42033507,PGE,2026-06-10 20:16:00,,PUBLIC SAFETY,566,GLENN,Active,Not Planned,790dc2aa-d3d3-4d9b-9a34-79e1fa6cda7c,#ffaa00,276359,-13641067.02,4806542.742,2026-06-10,2026.0,6.0,20.0,,PUBLIC SAFETY,Public Safety
42033508,PGE,2026-06-10 20:19:22,,,1,MARIN,Active,Not Planned,c0db70d7-769c-4b75-a392-c0acaf3a172d,#ffaa00,276361,-13643423.66,4580488.191,2026-06-10,2026.0,6.0,20.0,,UNKNOWN / NOT PROVIDED,Unknown / Not Provided
42033509,PGE,2026-06-10 20:18:00,,PUBLIC SAFETY,7,GLENN,Active,Not Planned,46c706cc-9288-483b-9e0c-1dff1b0c58d3,#ffaa00,276362,-13641281.87,4807026.673,2026-06-10,2026.0,6.0,20.0,,PUBLIC SAFETY,Public Safety
42033510,PGE,2026-06-10 20:19:48,,,1,MONTEREY,Active,Not Planned,80c0f49b-f036-4827-b654-89f1b9706bf7,#ffaa00,276363,-13543009.02,4355871.8,2026-06-10,2026.0,6.0,20.0,,UNKNOWN / NOT PROVIDED,Unknown / Not Provided
42033511,PGE,2026-06-10 20:19:46,,PUBLIC SAFETY,49,COLUSA,Active,Not Planned,d2648718-2a7e-47e9-b422-668d2dfe8e26,#ffaa00,276364,-13611400.38,4761290.858,2026-06-10,2026.0,6.0,20.0,,PUBLIC SAFETY,Public Safety
42033512,PGE,2026-06-10 20:20:28,,,1,SANTA CLARA,Active,Not Planned,32c6b670-971f-4c80-aab9-3c45ed330f6c,#ffaa00,276365,-13564040.62,4487764.353,2026-06-10,2026.0,6.0,20.0,,UNKNOWN / NOT PROVIDED,Unknown / Not Provided
42033513,PGE,2026-06-10 20:21:01,,,1,FRESNO,Active,Not Planned,d61ccd47-7f99-47f3-893d-363774cdb482,#ffaa00,276366,-13325174.59,4403066.753,2026-06-10,2026.0,6.0,20.0,,UNKNOWN / NOT PROVIDED,Unknown / Not Provided
