object_id,utility_company,start_datetime,estimated_restoration_datetime,cause,impacted_customers,county,outage_status,outage_type,incident_id,estimated_restoration_hours
10197758,PGE,2026-06-08 20:35:00+00:00,2026-06-10 22:00:00+00:00,POLE FIRE,25,SOLANO,Active,Not Planned,274224,49.416666666666664
10197759,PGE,2026-06-08 20:35:00+00:00,2026-06-10 22:00:00+00:00,POLE FIRE,7,SOLANO,Active,Not Planned,274235,49.416666666666664
10197760,PGE,2026-06-09 11:06:29+00:00,2026-06-09 12:00:00+00:00,PLNND SHUTDOWN,1,SAN MATEO,Active,Planned,274764,0.8919444444444444
10197761,PGE,2026-06-09 15:31:00+00:00,2026-06-09 23:30:00+00:00,PLNND SHUTDOWN,6,EL DORADO,Active,Planned,275014,7.983333333333333
10197762,PGE,2026-06-09 16:13:49+00:00,2026-06-09 19:30:00+00:00,PLNND SHUTDOWN,32,SAN MATEO,Active,Planned,275057,3.269722222222222
10197763,PGE,2026-06-09 17:32:58+00:00,2026-06-09 23:30:00+00:00,UNKNOWN / NOT PROVIDED,4,MADERA,Active,Not Planned,275191,5.950555555555556
10197764,PGE,2026-06-09 19:44:45+00:00,2026-06-10 20:00:00+00:00,DAMGE UG CABLE,16,ALAMEDA,Active,Not Planned,275302,24.254166666666666
10197765,PGE,2026-06-09 19:55:02+00:00,2026-06-09 23:30:00+00:00,PLNND SHUTDOWN,1,EL DORADO,Active,Planned,275310,3.582777777777778
10197766,PGE,2026-06-09 19:57:27+00:00,2026-06-09 23:00:00+00:00,PLNND SHUTDOWN,2,TUOLUMNE,Active,Planned,275321,3.0425
10197767,PGE,2026-06-09 20:42:56+00:00,2026-06-10 01:00:00+00:00,UNKNOWN / NOT PROVIDED,1,MADERA,Active,Not Planned,275374,4.2844444444444445
10197768,PGE,2026-06-10 02:32:43+00:00,2026-06-11 01:00:00+00:00,BRKN UG EQUIPMNT,97,ALAMEDA,Active,Not Planned,275783,22.454722222222223
10197769,PGE,2026-06-10 08:43:01+00:00,2026-06-10 20:00:00+00:00,UNKNOWN / NOT PROVIDED,15,SANTA CLARA,Active,Not Planned,275813,11.283055555555556
10197770,PGE,2026-06-10 13:12:56+00:00,2026-06-10 21:00:00+00:00,UNKNOWN / NOT PROVIDED,182,ALAMEDA,Active,Not Planned,275848,7.7844444444444445
10197771,PGE,2026-06-09 17:01:00+00:00,2026-06-10 15:45:00+00:00,UNKNOWN / NOT PROVIDED,4,MADERA,Active,Not Planned,275850,22.733333333333334
10197772,PGE,2026-06-10 13:37:17+00:00,,AWAITING INVESTIGATION,1,ALAMEDA,Active,Not Planned,275855,
10197773,PGE,2026-06-10 14:32:04+00:00,2026-06-10 21:48:00+00:00,PATROLLING,1,FRESNO,Active,Not Planned,275864,7.265555555555555
10197774,PGE,2026-06-10 14:30:00+00:00,2026-06-10 23:30:00+00:00,PLNND SHUTDOWN,8,MENDOCINO,Active,Planned,275866,9.0
10197775,PGE,2026-06-10 15:00:00+00:00,2026-06-10 23:00:00+00:00,PLNND SHUTDOWN,3,MADERA,Active,Planned,275879,8.0
10197776,PGE,2026-06-10 15:00:00+00:00,2026-06-10 23:00:00+00:00,PLNND SHUTDOWN,1,CALAVERAS,Active,Planned,275880,8.0
10197777,PGE,2026-06-10 14:46:32+00:00,2026-06-10 22:15:00+00:00,UNKNOWN / NOT PROVIDED,1,SANTA CLARA,Active,Not Planned,275883,7.474444444444444
10197778,PGE,2026-06-10 14:52:17+00:00,2026-06-10 23:15:00+00:00,PLNND SHUTDOWN,22,SAN JOAQUIN,Active,Planned,275886,8.37861111111111
10197779,PGE,2026-06-10 15:01:00+00:00,2026-06-10 23:00:00+00:00,PLNND SHUTDOWN,5,SAN LUIS OBISPO,Active,Planned,275887,7.983333333333333
10197780,PGE,2026-06-10 15:01:00+00:00,2026-06-10 23:00:00+00:00,PLNND SHUTDOWN,4,TUOLUMNE,Active,Planned,275894,7.983333333333333
10197781,PGE,2026-06-10 15:01:00+00:00,2026-06-10 23:00:00+00:00,PLNND SHUTDOWN,2,FRESNO,Active,Planned,275896,7.983333333333333
10197782,PGE,2026-06-10 15:04:09+00:00,2026-06-10 23:00:00+00:00,PLNND SHUTDOWN,10,MADERA,Active,Planned,275901,7.930833333333333
10197783,PGE,2026-06-10 15:00:23+00:00,2026-06-10 23:00:00+00:00,PLNND SHUTDOWN,28,SAN LUIS OBISPO,Active,Planned,275908,7.993611111111111
10197784,PGE,2026-06-10 15:00:42+00:00,2026-06-10 23:00:00+00:00,PLNND SHUTDOWN,2,MADERA,Active,Planned,275909,7.988333333333333
10197785,PGE,2026-06-10 15:01:33+00:00,2026-06-10 23:00:00+00:00,PLNND SHUTDOWN,1,FRESNO,Active,Planned,275910,7.974166666666667
10197786,PGE,2026-06-10 15:01:47+00:00,2026-06-10 23:00:00+00:00,PLNND SHUTDOWN,1,SHASTA,Active,Planned,275911,7.970277777777778
10197787,PGE,2026-06-10 15:05:00+00:00,2026-06-10 23:00:00+00:00,PLNND SHUTDOWN,38,PLACER,Active,Planned,275912,7.916666666666667
10197788,PGE,2026-06-10 15:06:00+00:00,2026-06-10 18:00:00+00:00,EMERG REPAIRS,1,BUTTE,Active,Not Planned,275913,2.9
10197789,PGE,2026-06-10 15:04:26+00:00,2026-06-10 23:00:00+00:00,PLNND SHUTDOWN,40,SAN LUIS OBISPO,Active,Planned,275916,7.926111111111111
10197790,PGE,2026-06-10 15:09:19+00:00,2026-06-10 19:00:00+00:00,PATROLLING,27,SAN MATEO,Active,Not Planned,275917,3.8447222222222224
10197791,PGE,2026-06-10 15:05:06+00:00,2026-06-10 18:15:00+00:00,UNKNOWN / NOT PROVIDED,1,SAN LUIS OBISPO,Active,Not Planned,275921,3.165
10197792,PGE,2026-06-10 15:02:00+00:00,2026-06-10 23:00:00+00:00,PLNND SHUTDOWN,75,NEVADA,Active,Planned,275922,7.966666666666667
10197793,PGE,2026-06-10 15:06:23+00:00,2026-06-10 23:00:00+00:00,PLNND SHUTDOWN,3,PLACER,Active,Planned,275923,7.893611111111111
10197794,PGE,2026-06-10 15:05:00+00:00,2026-06-10 22:00:00+00:00,PLNND SHUTDOWN,1,AMADOR,Active,Planned,275924,6.916666666666667
10197795,PGE,2026-06-10 15:03:12+00:00,2026-06-10 23:00:00+00:00,PLNND SHUTDOWN,1,YUBA,Active,Planned,275926,7.946666666666666
10197796,PGE,2026-06-10 15:14:41+00:00,2026-06-10 23:00:00+00:00,PLNND SHUTDOWN,14,CONTRA COSTA,Active,Planned,275928,7.755277777777778
10197797,PGE,2026-06-10 15:18:00+00:00,2026-06-10 21:30:00+00:00,PLNND SHUTDOWN,2,SANTA CRUZ,Active,Planned,275932,6.2
10197798,PGE,2026-06-10 15:23:59+00:00,2026-06-10 23:00:00+00:00,PLNND SHUTDOWN,2,ALAMEDA,Active,Planned,275937,7.6002777777777775
10197799,PGE,2026-06-10 15:22:00+00:00,2026-06-10 22:15:00+00:00,THRD PARTY,27,MERCED,Active,Not Planned,275939,6.883333333333334
10197800,PGE,2026-06-10 15:24:00+00:00,2026-06-10 21:00:00+00:00,PLNND SHUTDOWN,1,SAN LUIS OBISPO,Active,Planned,275941,5.6
10197801,PGE,2026-06-10 15:17:00+00:00,2026-06-10 22:00:00+00:00,PLNND SHUTDOWN,46,SAN MATEO,Active,Planned,275942,6.716666666666667
10197802,PGE,2026-06-10 15:32:39+00:00,2026-06-10 23:00:00+00:00,PLNND SHUTDOWN,42,SANTA BARBARA,Active,Planned,275946,7.4558333333333335
10197803,PGE,2026-06-10 15:33:00+00:00,2026-06-10 22:00:00+00:00,PLNND SHUTDOWN,2,EL DORADO,Active,Planned,275948,6.45
10197804,PGE,2026-06-10 15:37:30+00:00,2026-06-11 00:15:00+00:00,REPLCE TXFMR,4,SANTA BARBARA,Active,Not Planned,275952,8.625
10197805,PGE,2026-06-10 15:37:00+00:00,2026-06-10 23:30:00+00:00,PLNND SHUTDOWN,15,CONTRA COSTA,Active,Planned,275953,7.883333333333334
10197806,PGE,2026-06-10 15:40:20+00:00,2026-06-11 03:00:00+00:00,BRKN UG EQUIPMNT,1,MERCED,Active,Not Planned,275958,11.327777777777778
10197807,PGE,2026-06-10 16:00:00+00:00,2026-06-10 23:00:00+00:00,PLNND SHUTDOWN,3,SANTA CRUZ,Active,Planned,275965,7.0
10197808,PGE,2026-06-10 15:01:00+00:00,2026-06-10 23:00:00+00:00,PLNND SHUTDOWN,1,FRESNO,Active,Planned,275966,7.983333333333333
10197809,PGE,2026-06-10 16:00:00+00:00,2026-06-11 00:00:00+00:00,PLNND SHUTDOWN,12,SANTA CLARA,Active,Planned,275973,8.0
10197810,PGE,2026-06-10 15:53:32+00:00,2026-06-10 21:30:00+00:00,UNKNOWN / NOT PROVIDED,1,MADERA,Active,Not Planned,275974,5.607777777777778
10197811,PGE,2026-06-10 15:30:00+00:00,2026-06-10 23:00:00+00:00,PLNND SHUTDOWN,4,EL DORADO,Active,Planned,275976,7.5
10197812,PGE,2026-06-10 16:00:00+00:00,2026-06-10 21:00:00+00:00,PLNND SHUTDOWN,2,SAN LUIS OBISPO,Active,Planned,275983,5.0
10197813,PGE,2026-06-10 16:00:00+00:00,2026-06-10 22:00:00+00:00,PLNND SHUTDOWN,5,CONTRA COSTA,Active,Planned,275988,6.0
10197814,PGE,2026-06-10 16:00:16+00:00,2026-06-10 21:30:00+00:00,PLNND SHUTDOWN,2,SANTA BARBARA,Active,Planned,275993,5.495555555555556
10197815,PGE,2026-06-10 16:01:23+00:00,2026-06-10 23:00:00+00:00,PLNND SHUTDOWN,8,SAN MATEO,Active,Planned,275998,6.976944444444444
10197816,PGE,2026-06-10 16:02:36+00:00,2026-06-10 21:00:00+00:00,PLNND SHUTDOWN,2,PLACER,Active,Planned,276004,4.956666666666667
10197817,PGE,2026-06-10 16:02:38+00:00,2026-06-10 21:00:00+00:00,PLNND SHUTDOWN,2,FRESNO,Active,Planned,276006,4.956111111111111
10197818,PGE,2026-06-10 16:03:17+00:00,2026-06-10 23:00:00+00:00,PLNND SHUTDOWN,7,SAN MATEO,Active,Planned,276007,6.945277777777778
10197819,PGE,2026-06-10 16:04:20+00:00,2026-06-10 21:00:00+00:00,PLNND SHUTDOWN,6,KERN,Active,Planned,276008,4.927777777777778
10197820,PGE,2026-06-10 16:04:35+00:00,2026-06-10 23:00:00+00:00,PLNND SHUTDOWN,35,ALAMEDA,Active,Planned,276014,6.923611111111111
10197821,PGE,2026-06-10 16:07:00+00:00,2026-06-10 23:00:00+00:00,PLNND SHUTDOWN,4,SANTA CRUZ,Active,Planned,276015,6.883333333333334
10197822,PGE,2026-06-10 16:07:00+00:00,2026-06-10 23:00:00+00:00,PLNND SHUTDOWN,2,SANTA CRUZ,Active,Planned,276017,6.883333333333334
10197823,PGE,2026-06-10 16:11:08+00:00,2026-06-10 23:00:00+00:00,UNKNOWN / NOT PROVIDED,1,NEVADA,Active,Not Planned,276018,6.814444444444445
10197824,PGE,2026-06-10 16:05:55+00:00,2026-06-10 23:00:00+00:00,PLNND SHUTDOWN,26,ALAMEDA,Active,Planned,276019,6.901388888888889
10197825,PGE,2026-06-10 16:08:00+00:00,2026-06-10 23:00:00+00:00,PLNND SHUTDOWN,35,SAN MATEO,Active,Planned,276021,6.866666666666666
10197826,PGE,2026-06-10 16:07:00+00:00,2026-06-11 00:00:00+00:00,PLNND SHUTDOWN,35,SANTA CLARA,Active,Planned,276023,7.883333333333334
10197827,PGE,2026-06-10 16:12:36+00:00,2026-06-11 00:00:00+00:00,PLNND SHUTDOWN,13,ALAMEDA,Active,Planned,276024,7.79
10197828,PGE,2026-06-10 16:04:43+00:00,2026-06-10 23:00:00+00:00,PLNND SHUTDOWN,2,SANTA CLARA,Active,Planned,276025,6.921388888888889
10197829,PGE,2026-06-10 16:05:00+00:00,2026-06-11 01:30:00+00:00,PLNND SHUTDOWN,25,SANTA CRUZ,Active,Planned,276027,9.416666666666666
10197830,PGE,2026-06-10 16:08:42+00:00,2026-06-10 23:00:00+00:00,PLNND SHUTDOWN,34,ALAMEDA,Active,Planned,276029,6.855
10197831,PGE,2026-06-10 16:12:00+00:00,2026-06-11 02:15:00+00:00,EMERG REPAIRS,182,SAN MATEO,Active,Not Planned,276032,10.05
10197832,PGE,2026-06-10 16:13:32+00:00,2026-06-10 23:00:00+00:00,PLNND SHUTDOWN,6,SAN MATEO,Active,Planned,276035,6.774444444444445
10197833,PGE,2026-06-10 16:13:18+00:00,2026-06-10 22:00:00+00:00,PLNND SHUTDOWN,1,TUOLUMNE,Active,Planned,276036,5.778333333333333
10197834,PGE,2026-06-10 16:13:46+00:00,2026-06-10 22:00:00+00:00,PLNND SHUTDOWN,4,BUTTE,Active,Planned,276037,5.770555555555555
10197835,PGE,2026-06-10 16:14:00+00:00,2026-06-10 22:00:00+00:00,PLNND SHUTDOWN,2,FRESNO,Active,Planned,276038,5.766666666666667
10197836,PGE,2026-06-10 16:16:47+00:00,2026-06-10 21:00:00+00:00,PLNND SHUTDOWN,7,YOLO,Active,Planned,276041,4.720277777777778
10197837,PGE,2026-06-10 16:14:00+00:00,2026-06-10 22:00:00+00:00,PLNND SHUTDOWN,10,FRESNO,Active,Planned,276042,5.766666666666667
10197838,PGE,2026-06-10 16:21:00+00:00,2026-06-10 22:00:00+00:00,PLNND SHUTDOWN,17,FRESNO,Active,Planned,276043,5.65
10197839,PGE,2026-06-10 16:26:04+00:00,2026-06-10 21:00:00+00:00,EMERG REPAIRS,17,SONOMA,Active,Not Planned,276048,4.565555555555555
10197840,PGE,2026-06-10 16:23:30+00:00,2026-06-10 23:00:00+00:00,PLNND SHUTDOWN,1,MONTEREY,Active,Planned,276050,6.608333333333333
10197841,PGE,2026-06-10 16:30:45+00:00,2026-06-10 22:45:00+00:00,UNKNOWN / NOT PROVIDED,1,SAN MATEO,Active,Not Planned,276052,6.2375
10197842,PGE,2026-06-10 16:31:25+00:00,2026-06-11 02:45:00+00:00,EMERG REPAIRS,1,SANTA BARBARA,Active,Not Planned,276054,10.22638888888889
10197843,PGE,2026-06-10 16:33:35+00:00,2026-06-11 02:30:00+00:00,DAMGE UG CABLE,1,KERN,Active,Not Planned,276060,9.940277777777778
10197844,PGE,2026-06-10 16:28:11+00:00,2026-06-10 22:30:00+00:00,PLNND SHUTDOWN,29,SANTA CRUZ,Active,Planned,276063,6.030277777777778
10197845,PGE,2026-06-10 16:30:30+00:00,2026-06-10 21:00:00+00:00,PLNND SHUTDOWN,7,YOLO,Active,Planned,276066,4.491666666666666
10197846,PGE,2026-06-10 16:10:00+00:00,2026-06-10 23:00:00+00:00,PLNND SHUTDOWN,95,SAN FRANCISCO,Active,Planned,276068,6.833333333333333
10197847,PGE,2026-06-10 15:19:00+00:00,2026-06-10 23:00:00+00:00,PLNND SHUTDOWN,5,SAN LUIS OBISPO,Active,Planned,276070,7.683333333333334
10197848,PGE,2026-06-10 16:31:25+00:00,2026-06-10 20:00:00+00:00,PLNND SHUTDOWN,1,MONTEREY,Active,Planned,276071,3.4763888888888888
10197849,PGE,2026-06-10 16:36:15+00:00,2026-06-11 02:30:00+00:00,UNKNOWN / NOT PROVIDED,52,SAN MATEO,Active,Not Planned,276073,9.895833333333334
10197850,PGE,2026-06-10 16:54:04+00:00,2026-06-10 22:00:00+00:00,UNKNOWN / NOT PROVIDED,1,SAN LUIS OBISPO,Active,Not Planned,276112,5.098888888888889
10197851,PGE,2026-06-10 16:54:00+00:00,2026-06-10 22:00:00+00:00,PLNND SHUTDOWN,10,CALAVERAS,Active,Planned,276113,5.1
10197852,PGE,2026-06-10 15:01:00+00:00,2026-06-10 23:00:00+00:00,PLNND SHUTDOWN,1,MADERA,Active,Planned,276116,7.983333333333333
10197853,PGE,2026-06-10 15:01:00+00:00,2026-06-10 23:00:00+00:00,PLNND SHUTDOWN,1,MADERA,Active,Planned,276118,7.983333333333333
10197854,PGE,2026-06-10 16:58:54+00:00,2026-06-10 23:15:00+00:00,UNKNOWN / NOT PROVIDED,1,SANTA CLARA,Active,Not Planned,276119,6.2683333333333335
10197855,PGE,2026-06-10 16:54:04+00:00,2026-06-10 23:00:00+00:00,PLNND SHUTDOWN,43,EL DORADO,Active,Planned,276120,6.098888888888889
10197856,PGE,2026-06-10 17:01:00+00:00,2026-06-11 00:00:00+00:00,PLNND SHUTDOWN,325,MARIN,Active,Planned,276123,6.983333333333333
10197857,PGE,2026-06-10 17:02:53+00:00,2026-06-10 20:30:00+00:00,REPLCE SRVC,1,SONOMA,Active,Not Planned,276125,3.4519444444444445
10197858,PGE,2026-06-10 16:03:00+00:00,2026-06-11 00:00:00+00:00,PLNND SHUTDOWN,11,SAN MATEO,Active,Planned,276126,7.95
10197859,PGE,2026-06-10 17:07:48+00:00,2026-06-10 23:45:00+00:00,BRKN UG EQUIPMNT,21,SANTA CLARA,Active,Not Planned,276130,6.62
10197860,PGE,2026-06-10 17:11:39+00:00,2026-06-10 23:45:00+00:00,UNKNOWN / NOT PROVIDED,1,SAN JOAQUIN,Active,Not Planned,276134,6.555833333333333
10197861,PGE,2026-06-10 17:12:06+00:00,2026-06-11 00:00:00+00:00,PLNND SHUTDOWN,24,CONTRA COSTA,Active,Planned,276136,6.798333333333333
10197862,PGE,2026-06-10 17:14:00+00:00,2026-06-10 23:00:00+00:00,PLNND SHUTDOWN,32,SANTA CLARA,Active,Planned,276138,5.766666666666667
10197863,PGE,2026-06-10 17:18:20+00:00,2026-06-10 21:00:00+00:00,UNKNOWN / NOT PROVIDED,21,CONTRA COSTA,Active,Not Planned,276142,3.6944444444444446
10197864,PGE,2026-06-10 16:45:00+00:00,2026-06-10 23:00:00+00:00,PLNND SHUTDOWN,4,SANTA CLARA,Active,Planned,276152,6.25
10197865,PGE,2026-06-10 17:31:25+00:00,2026-06-10 21:30:00+00:00,PLNND SHUTDOWN,4,NEVADA,Active,Planned,276156,3.9763888888888888
10197866,PGE,2026-06-10 17:35:52+00:00,2026-06-10 21:30:00+00:00,UNKNOWN / NOT PROVIDED,1,ALAMEDA,Active,Not Planned,276158,3.902222222222222
10197867,PGE,2026-06-10 17:27:43+00:00,2026-06-10 22:00:00+00:00,PLNND SHUTDOWN,8,NEVADA,Active,Planned,276159,4.538055555555555
10197868,PGE,2026-06-10 17:44:00+00:00,2026-06-11 00:00:00+00:00,PLNND SHUTDOWN,1,SANTA CLARA,Active,Planned,276170,6.266666666666667
10197869,PGE,2026-06-10 17:49:13+00:00,2026-06-10 22:45:00+00:00,PATROLLING,1,SAN FRANCISCO,Active,Not Planned,276171,4.929722222222222
10197870,PGE,2026-06-10 17:52:36+00:00,2026-06-10 21:15:00+00:00,UNKNOWN / NOT PROVIDED,59,ALAMEDA,Active,Not Planned,276176,3.3733333333333335
10197871,PGE,2026-06-10 17:56:19+00:00,2026-06-10 22:15:00+00:00,UNKNOWN / NOT PROVIDED,1,FRESNO,Active,Not Planned,276182,4.311388888888889
10197872,PGE,2026-06-10 17:59:57+00:00,2026-06-10 23:30:00+00:00,PATROLLING,1,PLACER,Active,Not Planned,276188,5.5008333333333335
10197873,PGE,2026-06-10 18:03:00+00:00,2026-06-10 23:00:00+00:00,PLNND SHUTDOWN,3,NEVADA,Active,Planned,276189,4.95
10197874,PGE,2026-06-10 18:00:13+00:00,2026-06-11 01:00:00+00:00,PLNND SHUTDOWN,3,EL DORADO,Active,Planned,276191,6.996388888888889
10197875,PGE,2026-06-10 18:06:43+00:00,2026-06-10 22:30:00+00:00,PATROLLING,1,SANTA CRUZ,Active,Not Planned,276192,4.388055555555556
10197876,PGE,2026-06-10 17:58:00+00:00,2026-06-10 23:00:00+00:00,PLNND SHUTDOWN,23,SAN MATEO,Active,Planned,276195,5.033333333333333
10197877,PGE,2026-06-10 18:11:28+00:00,2026-06-11 02:45:00+00:00,PATROLLING,1,SAN MATEO,Active,Not Planned,276196,8.55888888888889
10197878,PGE,2026-06-10 18:15:37+00:00,2026-06-10 21:45:00+00:00,UNKNOWN / NOT PROVIDED,1,SAN MATEO,Active,Not Planned,276198,3.4897222222222224
10197879,PGE,2026-06-10 18:14:48+00:00,2026-06-11 02:45:00+00:00,TREE CONTACT,21,SANTA CLARA,Active,Not Planned,276199,8.503333333333334
10197880,PGE,2026-06-10 18:17:07+00:00,2026-06-11 00:45:00+00:00,UNKNOWN / NOT PROVIDED,1,SAN LUIS OBISPO,Active,Not Planned,276201,6.464722222222222
10197881,PGE,2026-06-10 18:28:08+00:00,2026-06-10 23:15:00+00:00,UNKNOWN / NOT PROVIDED,3,EL DORADO,Active,Not Planned,276209,4.7811111111111115
10197882,PGE,2026-06-10 18:29:22+00:00,2026-06-10 23:45:00+00:00,UNKNOWN / NOT PROVIDED,1,FRESNO,Active,Not Planned,276210,5.260555555555555
10197883,PGE,2026-06-10 18:31:50+00:00,2026-06-11 01:45:00+00:00,PATROLLING,1,FRESNO,Active,Not Planned,276212,7.219444444444444
10197884,PGE,2026-06-10 18:34:25+00:00,2026-06-11 03:30:00+00:00,UNKNOWN / NOT PROVIDED,9,SANTA CLARA,Active,Not Planned,276216,8.926388888888889
10197885,PGE,2026-06-10 18:35:04+00:00,2026-06-11 00:30:00+00:00,PATROLLING,1,SAN FRANCISCO,Active,Not Planned,276218,5.915555555555556
10197886,PGE,2026-06-10 18:35:11+00:00,2026-06-11 00:30:00+00:00,PATROLLING,1,ALAMEDA,Active,Not Planned,276219,5.913611111111111
10197887,PGE,2026-06-10 18:06:00+00:00,2026-06-12 00:00:00+00:00,PLNND SHUTDOWN,3,SANTA CLARA,Active,Planned,276227,29.9
10197888,PGE,2026-06-10 18:41:59+00:00,2026-06-11 00:00:00+00:00,PATROLLING,1,FRESNO,Active,Not Planned,276229,5.300277777777778
10197889,PGE,2026-06-10 18:44:53+00:00,2026-06-11 03:30:00+00:00,UNKNOWN / NOT PROVIDED,1,SANTA CLARA,Active,Not Planned,276231,8.751944444444444
10197890,PGE,2026-06-10 18:45:33+00:00,2026-06-10 22:30:00+00:00,PATROLLING,1,EL DORADO,Active,Not Planned,276233,3.7408333333333332
10197891,PGE,2026-06-10 18:46:00+00:00,2026-06-11 00:30:00+00:00,PATROLLING,199,PLACER,Active,Not Planned,276237,5.733333333333333
10197892,PGE,2026-06-10 19:03:00+00:00,2026-06-10 23:00:00+00:00,PLNND SHUTDOWN,2,AMADOR,Active,Planned,276244,3.95
10197893,PGE,2026-06-10 19:04:06+00:00,2026-06-11 01:15:00+00:00,PATROLLING,1,TUOLUMNE,Active,Not Planned,276245,6.181666666666667
10197894,PGE,2026-06-10 19:04:26+00:00,2026-06-11 01:15:00+00:00,PATROLLING,18,MONTEREY,Active,Not Planned,276246,6.176111111111111
10197895,PGE,2026-06-10 19:05:09+00:00,2026-06-11 01:00:00+00:00,UNKNOWN / NOT PROVIDED,1,SAN JOAQUIN,Active,Not Planned,276247,5.914166666666667
10197896,PGE,2026-06-10 19:00:50+00:00,2026-06-11 01:30:00+00:00,PLNND SHUTDOWN,4,EL DORADO,Active,Planned,276248,6.486111111111111
10197897,PGE,2026-06-10 19:01:24+00:00,2026-06-10 22:00:00+00:00,PLNND SHUTDOWN,1,YUBA,Active,Planned,276249,2.9766666666666666
10197898,PGE,2026-06-10 19:00:12+00:00,2026-06-10 23:00:00+00:00,PLNND SHUTDOWN,1,MARIPOSA,Active,Planned,276250,3.9966666666666666
10197899,PGE,2026-06-10 19:09:00+00:00,2026-06-10 23:45:00+00:00,UNKNOWN / NOT PROVIDED,1,KINGS,Active,Not Planned,276251,4.6
10197900,PGE,2026-06-10 19:09:44+00:00,2026-06-10 22:45:00+00:00,PATROLLING,1,SONOMA,Active,Not Planned,276252,3.5877777777777777
10197901,PGE,2026-06-10 19:11:55+00:00,2026-06-10 22:45:00+00:00,UNKNOWN / NOT PROVIDED,1,SAN FRANCISCO,Active,Not Planned,276255,3.551388888888889
10197902,PGE,2026-06-10 19:14:59+00:00,2026-06-10 23:00:00+00:00,UNKNOWN / NOT PROVIDED,1,SAN FRANCISCO,Active,Not Planned,276256,3.750277777777778
10197903,PGE,2026-06-10 19:15:09+00:00,2026-06-11 02:15:00+00:00,UNKNOWN / NOT PROVIDED,1,SANTA CLARA,Active,Not Planned,276257,6.9975
10197904,PGE,2026-06-10 19:15:15+00:00,2026-06-10 22:45:00+00:00,UNKNOWN / NOT PROVIDED,1,MENDOCINO,Active,Not Planned,276258,3.495833333333333
10197905,PGE,2026-06-10 19:16:32+00:00,2026-06-11 05:30:00+00:00,UNKNOWN / NOT PROVIDED,1,MARIN,Active,Not Planned,276259,10.224444444444444
10197906,PGE,2026-06-10 19:17:30+00:00,2026-06-10 22:45:00+00:00,PATROLLING,19,BUTTE,Active,Not Planned,276260,3.4583333333333335
10197907,PGE,2026-06-10 19:22:12+00:00,2026-06-11 02:00:00+00:00,UNKNOWN / NOT PROVIDED,1,SAN FRANCISCO,Active,Not Planned,276263,6.63
10197908,PGE,2026-06-10 19:22:27+00:00,2026-06-11 02:15:00+00:00,EMERG REPAIRS,9,SANTA CLARA,Active,Not Planned,276264,6.8758333333333335
10197909,PGE,2026-06-10 19:23:38+00:00,2026-06-11 02:45:00+00:00,UNKNOWN / NOT PROVIDED,1,SAN FRANCISCO,Active,Not Planned,276266,7.356111111111111
10197910,PGE,2026-06-10 19:24:45+00:00,2026-06-10 23:30:00+00:00,UNKNOWN / NOT PROVIDED,1,SOLANO,Active,Not Planned,276267,4.0875
10197911,PGE,2026-06-10 19:25:06+00:00,2026-06-10 23:45:00+00:00,UNKNOWN / NOT PROVIDED,1,ALAMEDA,Active,Not Planned,276269,4.331666666666667
10197912,PGE,2026-06-10 19:25:37+00:00,2026-06-11 02:45:00+00:00,PATROLLING,1,SUTTER,Active,Not Planned,276270,7.323055555555555
10197913,PGE,2026-06-10 19:27:06+00:00,2026-06-10 23:00:00+00:00,PATROLLING,1,CALAVERAS,Active,Not Planned,276271,3.5483333333333333
10197914,PGE,2026-06-10 19:29:23+00:00,2026-06-10 23:00:00+00:00,UNKNOWN / NOT PROVIDED,1,KERN,Active,Not Planned,276272,3.5102777777777776
10197915,PGE,2026-06-10 19:29:33+00:00,2026-06-11 04:00:00+00:00,UNKNOWN / NOT PROVIDED,1,ALAMEDA,Active,Not Planned,276273,8.5075
10197916,PGE,2026-06-10 19:31:08+00:00,2026-06-10 23:00:00+00:00,UNKNOWN / NOT PROVIDED,1,ALAMEDA,Active,Not Planned,276280,3.4811111111111113
10197917,PGE,2026-06-10 19:27:00+00:00,2026-06-10 22:15:00+00:00,UNKNOWN / NOT PROVIDED,1598,SANTA CLARA,Active,Not Planned,276284,2.8
10197918,PGE,2026-06-10 19:34:12+00:00,2026-06-11 01:45:00+00:00,UNKNOWN / NOT PROVIDED,1,NAPA,Active,Not Planned,276290,6.18
10197919,PGE,2026-06-10 19:34:31+00:00,2026-06-11 00:00:00+00:00,UNKNOWN / NOT PROVIDED,1,PLUMAS,Active,Not Planned,276291,4.424722222222222
10197920,PGE,2026-06-10 19:36:14+00:00,,UNKNOWN / NOT PROVIDED,3,CALAVERAS,Active,Not Planned,276292,
10197921,PGE,2026-06-10 19:36:39+00:00,,UNKNOWN / NOT PROVIDED,7,ALAMEDA,Active,Not Planned,276294,
10197922,PGE,2026-06-10 19:45:50+00:00,,UNKNOWN / NOT PROVIDED,1,SAN JOAQUIN,Active,Not Planned,276299,
10197923,PGE,2026-06-10 19:45:53+00:00,,UNKNOWN / NOT PROVIDED,1,SUTTER,Active,Not Planned,276300,
10197924,PGE,2026-06-10 19:48:26+00:00,,UNKNOWN / NOT PROVIDED,1,SUTTER,Active,Not Planned,276301,
10197925,PGE,2026-06-10 19:49:19+00:00,,UNKNOWN / NOT PROVIDED,1,ALAMEDA,Active,Not Planned,276308,
10197926,PGE,2026-06-10 19:49:25+00:00,,UNKNOWN / NOT PROVIDED,1,SANTA CLARA,Active,Not Planned,276309,
10197927,PGE,2026-06-10 19:49:32+00:00,,UNKNOWN / NOT PROVIDED,1,SAN JOAQUIN,Active,Not Planned,276311,
10197928,PGE,2026-06-10 18:34:12+00:00,,UNKNOWN / NOT PROVIDED,4062,CONTRA COSTA,Active,Not Planned,276313,
10197929,PGE,2026-06-10 19:49:59+00:00,,UNKNOWN / NOT PROVIDED,1,FRESNO,Active,Not Planned,276317,
10197930,PGE,2026-06-10 19:50:17+00:00,,UNKNOWN / NOT PROVIDED,1,SOLANO,Active,Not Planned,276328,
